PERMNO,date,TICKER,COMNAM,PRC,VOL
14008,03/01/2016,AMGN,AMGEN INC,148.39000,4480614
14008,03/02/2016,AMGN,AMGEN INC,147.49001,3690307
14008,03/03/2016,AMGN,AMGEN INC,145.84000,2989489
14008,03/04/2016,AMGN,AMGEN INC,145.98000,3471394
14008,03/07/2016,AMGN,AMGEN INC,147.31000,3283846
14008,03/08/2016,AMGN,AMGEN INC,144.63000,3064070
14008,03/09/2016,AMGN,AMGEN INC,140.89999,6075415
14008,03/10/2016,AMGN,AMGEN INC,141.03000,4573465
14008,03/11/2016,AMGN,AMGEN INC,144.57001,4861709
14008,03/14/2016,AMGN,AMGEN INC,144.62000,3013754
14008,03/15/2016,AMGN,AMGEN INC,143.21001,3034212
14008,03/16/2016,AMGN,AMGEN INC,143.98000,6104692
14008,03/17/2016,AMGN,AMGEN INC,144.13000,4899686
14008,03/18/2016,AMGN,AMGEN INC,145.50999,6802568
14008,03/21/2016,AMGN,AMGEN INC,147.00999,3182045
14008,03/22/2016,AMGN,AMGEN INC,150.62000,4219396
14008,03/23/2016,AMGN,AMGEN INC,148.75999,3107554
14008,03/24/2016,AMGN,AMGEN INC,149.24001,3025752
14008,03/28/2016,AMGN,AMGEN INC,148.37000,2110955
14008,03/29/2016,AMGN,AMGEN INC,149.49001,2735745
14008,03/30/2016,AMGN,AMGEN INC,149.48000,2324509
14008,03/31/2016,AMGN,AMGEN INC,149.92999,2799598
14008,04/01/2016,AMGN,AMGEN INC,154.16000,3972212
14008,04/04/2016,AMGN,AMGEN INC,154.66000,2314237
14008,04/05/2016,AMGN,AMGEN INC,152.95000,2604766
14008,04/06/2016,AMGN,AMGEN INC,159.66000,4067029
14008,04/07/2016,AMGN,AMGEN INC,157.38000,3363961
14008,04/08/2016,AMGN,AMGEN INC,156.46001,2522139
14008,04/11/2016,AMGN,AMGEN INC,156.39000,2732781
14008,04/12/2016,AMGN,AMGEN INC,158.60001,2763431
14008,04/13/2016,AMGN,AMGEN INC,160.06000,3860554
14008,04/14/2016,AMGN,AMGEN INC,160.12000,2406821
14008,04/15/2016,AMGN,AMGEN INC,160.13000,2824303
14008,04/18/2016,AMGN,AMGEN INC,161.70000,2081057
14008,04/19/2016,AMGN,AMGEN INC,162.10001,2692986
14008,04/20/2016,AMGN,AMGEN INC,162.75999,2374399
14008,04/21/2016,AMGN,AMGEN INC,164.35001,2348393
14008,04/22/2016,AMGN,AMGEN INC,163.19000,2757177
14008,04/25/2016,AMGN,AMGEN INC,163.46001,1596314
14008,04/26/2016,AMGN,AMGEN INC,162.85001,2156564
14008,04/27/2016,AMGN,AMGEN INC,161.00000,2729473
14008,04/28/2016,AMGN,AMGEN INC,160.56000,3354062
14008,04/29/2016,AMGN,AMGEN INC,158.30000,5386570
14008,05/02/2016,AMGN,AMGEN INC,158.99001,2433704
14008,05/03/2016,AMGN,AMGEN INC,156.35001,2862931
14008,05/04/2016,AMGN,AMGEN INC,154.17999,3048466
14008,05/05/2016,AMGN,AMGEN INC,154.25000,2325678
14008,05/06/2016,AMGN,AMGEN INC,153.19000,3004825
14008,05/09/2016,AMGN,AMGEN INC,155.41000,2990103
14008,05/10/2016,AMGN,AMGEN INC,157.24001,2585002
14008,05/11/2016,AMGN,AMGEN INC,154.17999,2741880
14008,05/12/2016,AMGN,AMGEN INC,152.89999,2981649
14008,05/13/2016,AMGN,AMGEN INC,152.35001,2451164
14008,05/16/2016,AMGN,AMGEN INC,153.27000,2415093
14008,05/17/2016,AMGN,AMGEN INC,150.11000,4486459
14008,05/18/2016,AMGN,AMGEN INC,150.83000,3234477
14008,05/19/2016,AMGN,AMGEN INC,148.67000,3023612
14008,05/20/2016,AMGN,AMGEN INC,150.17999,3076143
14008,05/23/2016,AMGN,AMGEN INC,149.30000,1543433
14008,05/24/2016,AMGN,AMGEN INC,152.72000,2580981
14008,05/25/2016,AMGN,AMGEN INC,155.57001,3053437
14008,05/26/2016,AMGN,AMGEN INC,155.55000,1808633
14008,05/27/2016,AMGN,AMGEN INC,156.74001,1364204
14008,05/31/2016,AMGN,AMGEN INC,157.95000,3204387
14008,06/01/2016,AMGN,AMGEN INC,158.05000,1717157
14008,06/02/2016,AMGN,AMGEN INC,159.87000,2386956
14008,06/03/2016,AMGN,AMGEN INC,159.19000,2149342
14008,06/06/2016,AMGN,AMGEN INC,160.19000,1897638
14008,06/07/2016,AMGN,AMGEN INC,158.89000,1896652
14008,06/08/2016,AMGN,AMGEN INC,158.00000,2475994
14008,06/09/2016,AMGN,AMGEN INC,156.78000,2383214
14008,06/10/2016,AMGN,AMGEN INC,154.78000,2626053
14008,06/13/2016,AMGN,AMGEN INC,153.08000,2340347
14008,06/14/2016,AMGN,AMGEN INC,152.99001,2115240
14008,06/15/2016,AMGN,AMGEN INC,151.89999,2443679
14008,06/16/2016,AMGN,AMGEN INC,152.30000,2322388
14008,06/17/2016,AMGN,AMGEN INC,149.62000,4682336
14008,06/20/2016,AMGN,AMGEN INC,150.64999,3250483
14008,06/21/2016,AMGN,AMGEN INC,149.42000,2622241
14008,06/22/2016,AMGN,AMGEN INC,149.81000,4859791
14008,06/23/2016,AMGN,AMGEN INC,152.27000,3001167
14008,06/24/2016,AMGN,AMGEN INC,146.45000,4919244
14008,06/27/2016,AMGN,AMGEN INC,144.58000,4208811
14008,06/28/2016,AMGN,AMGEN INC,148.42000,4348004
14008,06/29/2016,AMGN,AMGEN INC,150.10001,3771073
14008,06/30/2016,AMGN,AMGEN INC,152.14999,3480735
14593,03/01/2016,AAPL,APPLE INC,100.53000,50430198
14593,03/02/2016,AAPL,APPLE INC,100.75000,33169560
14593,03/03/2016,AAPL,APPLE INC,101.50000,36964242
14593,03/04/2016,AAPL,APPLE INC,103.01000,46115100
14593,03/07/2016,AAPL,APPLE INC,101.87000,35919450
14593,03/08/2016,AAPL,APPLE INC,101.03000,31561889
14593,03/09/2016,AAPL,APPLE INC,101.12000,27201683
14593,03/10/2016,AAPL,APPLE INC,101.17000,33513578
14593,03/11/2016,AAPL,APPLE INC,102.26000,27411247
14593,03/14/2016,AAPL,APPLE INC,102.52000,25076062
14593,03/15/2016,AAPL,APPLE INC,104.58000,40067734
14593,03/16/2016,AAPL,APPLE INC,105.97000,38308093
14593,03/17/2016,AAPL,APPLE INC,105.80000,34420695
14593,03/18/2016,AAPL,APPLE INC,105.92000,44205171
14593,03/21/2016,AAPL,APPLE INC,105.91000,35506183
14593,03/22/2016,AAPL,APPLE INC,106.72000,32484879
14593,03/23/2016,AAPL,APPLE INC,106.13000,25702995
14593,03/24/2016,AAPL,APPLE INC,105.67000,26132955
14593,03/28/2016,AAPL,APPLE INC,105.19000,19411372
14593,03/29/2016,AAPL,APPLE INC,107.68000,31190083
14593,03/30/2016,AAPL,APPLE INC,109.56000,45601224
14593,03/31/2016,AAPL,APPLE INC,108.99000,25892093
14593,04/01/2016,AAPL,APPLE INC,109.99000,25877180
14593,04/04/2016,AAPL,APPLE INC,111.12000,37356204
14593,04/05/2016,AAPL,APPLE INC,109.81000,26874194
14593,04/06/2016,AAPL,APPLE INC,110.96000,26404277
14593,04/07/2016,AAPL,APPLE INC,108.54000,31910679
14593,04/08/2016,AAPL,APPLE INC,108.66000,23581740
14593,04/11/2016,AAPL,APPLE INC,109.02000,29407518
14593,04/12/2016,AAPL,APPLE INC,110.44000,27267325
14593,04/13/2016,AAPL,APPLE INC,112.04000,33257316
14593,04/14/2016,AAPL,APPLE INC,112.10000,25473923
14593,04/15/2016,AAPL,APPLE INC,109.85000,46982969
14593,04/18/2016,AAPL,APPLE INC,107.48000,61131661
14593,04/19/2016,AAPL,APPLE INC,106.91000,32384879
14593,04/20/2016,AAPL,APPLE INC,107.13000,30611053
14593,04/21/2016,AAPL,APPLE INC,105.97000,31818552
14593,04/22/2016,AAPL,APPLE INC,105.68000,33683121
14593,04/25/2016,AAPL,APPLE INC,105.08000,28032388
14593,04/26/2016,AAPL,APPLE INC,104.35000,55988165
14593,04/27/2016,AAPL,APPLE INC,97.82000,114602092
14593,04/28/2016,AAPL,APPLE INC,94.83000,82242743
14593,04/29/2016,AAPL,APPLE INC,93.74000,68714435
14593,05/02/2016,AAPL,APPLE INC,93.64000,48160404
14593,05/03/2016,AAPL,APPLE INC,95.18000,56833777
14593,05/04/2016,AAPL,APPLE INC,94.19000,41026015
14593,05/05/2016,AAPL,APPLE INC,93.24000,35892546
14593,05/06/2016,AAPL,APPLE INC,92.72000,43699936
14593,05/09/2016,AAPL,APPLE INC,92.79000,32936433
14593,05/10/2016,AAPL,APPLE INC,93.42000,33686836
14593,05/11/2016,AAPL,APPLE INC,92.51000,28719187
14593,05/12/2016,AAPL,APPLE INC,90.34000,76315140
14593,05/13/2016,AAPL,APPLE INC,90.52000,44392780
14593,05/16/2016,AAPL,APPLE INC,93.88000,61259756
14593,05/17/2016,AAPL,APPLE INC,93.49000,46916989
14593,05/18/2016,AAPL,APPLE INC,94.56000,42073287
14593,05/19/2016,AAPL,APPLE INC,94.20000,30442100
14593,05/20/2016,AAPL,APPLE INC,95.22000,32026218
14593,05/23/2016,AAPL,APPLE INC,96.43000,38018643
14593,05/24/2016,AAPL,APPLE INC,97.90000,35140174
14593,05/25/2016,AAPL,APPLE INC,99.62000,38642306
14593,05/26/2016,AAPL,APPLE INC,100.41000,56327602
14593,05/27/2016,AAPL,APPLE INC,100.35000,36595204
14593,05/31/2016,AAPL,APPLE INC,99.86000,42307212
14593,06/01/2016,AAPL,APPLE INC,98.46000,29173287
14593,06/02/2016,AAPL,APPLE INC,97.72000,40191600
14593,06/03/2016,AAPL,APPLE INC,97.92000,28504888
14593,06/06/2016,AAPL,APPLE INC,98.63000,23292306
14593,06/07/2016,AAPL,APPLE INC,99.03000,22409450
14593,06/08/2016,AAPL,APPLE INC,98.94000,20848131
14593,06/09/2016,AAPL,APPLE INC,99.65000,26532148
14593,06/10/2016,AAPL,APPLE INC,98.83000,31714740
14593,06/13/2016,AAPL,APPLE INC,97.34000,38063179
14593,06/14/2016,AAPL,APPLE INC,97.46000,31931944
14593,06/15/2016,AAPL,APPLE INC,97.14000,29445947
14593,06/16/2016,AAPL,APPLE INC,97.55000,31240816
14593,06/17/2016,AAPL,APPLE INC,95.33000,61008499
14593,06/20/2016,AAPL,APPLE INC,95.10000,34411901
14593,06/21/2016,AAPL,APPLE INC,95.91000,35547058
14593,06/22/2016,AAPL,APPLE INC,95.55000,29709624
14593,06/23/2016,AAPL,APPLE INC,96.10000,32241424
14593,06/24/2016,AAPL,APPLE INC,93.40000,75211627
14593,06/27/2016,AAPL,APPLE INC,92.04000,46625252
14593,06/28/2016,AAPL,APPLE INC,93.59000,40449051
14593,06/29/2016,AAPL,APPLE INC,94.40000,36531006
14593,06/30/2016,AAPL,APPLE INC,95.60000,35920357
14702,03/01/2016,AMAT,APPLIED MATERIALS INC,19.37000,10151748
14702,03/02/2016,AMAT,APPLIED MATERIALS INC,19.49000,11373277
14702,03/03/2016,AMAT,APPLIED MATERIALS INC,19.45000,8138339
14702,03/04/2016,AMAT,APPLIED MATERIALS INC,19.39000,8932573
14702,03/07/2016,AMAT,APPLIED MATERIALS INC,19.44000,9204121
14702,03/08/2016,AMAT,APPLIED MATERIALS INC,18.78000,12899048
14702,03/09/2016,AMAT,APPLIED MATERIALS INC,19.17000,10108295
14702,03/10/2016,AMAT,APPLIED MATERIALS INC,19.57000,15402073
14702,03/11/2016,AMAT,APPLIED MATERIALS INC,20.03500,15394672
14702,03/14/2016,AMAT,APPLIED MATERIALS INC,19.91000,11496355
14702,03/15/2016,AMAT,APPLIED MATERIALS INC,19.90000,10204257
14702,03/16/2016,AMAT,APPLIED MATERIALS INC,20.05000,14363048
14702,03/17/2016,AMAT,APPLIED MATERIALS INC,20.28000,13491109
14702,03/18/2016,AMAT,APPLIED MATERIALS INC,20.49000,19742301
14702,03/21/2016,AMAT,APPLIED MATERIALS INC,20.73000,13961016
14702,03/22/2016,AMAT,APPLIED MATERIALS INC,20.78000,7579623
14702,03/23/2016,AMAT,APPLIED MATERIALS INC,20.28000,12699150
14702,03/24/2016,AMAT,APPLIED MATERIALS INC,20.15000,14108546
14702,03/28/2016,AMAT,APPLIED MATERIALS INC,20.20000,5424261
14702,03/29/2016,AMAT,APPLIED MATERIALS INC,20.59000,7850893
14702,03/30/2016,AMAT,APPLIED MATERIALS INC,21.04000,12446156
14702,03/31/2016,AMAT,APPLIED MATERIALS INC,21.18000,14526487
14702,04/01/2016,AMAT,APPLIED MATERIALS INC,21.42000,11886704
14702,04/04/2016,AMAT,APPLIED MATERIALS INC,21.17000,7935324
14702,04/05/2016,AMAT,APPLIED MATERIALS INC,20.95000,8911608
14702,04/06/2016,AMAT,APPLIED MATERIALS INC,21.06000,8766800
14702,04/07/2016,AMAT,APPLIED MATERIALS INC,20.80000,9180765
14702,04/08/2016,AMAT,APPLIED MATERIALS INC,20.79000,8668112
14702,04/11/2016,AMAT,APPLIED MATERIALS INC,20.94000,13809982
14702,04/12/2016,AMAT,APPLIED MATERIALS INC,20.93000,8306083
14702,04/13/2016,AMAT,APPLIED MATERIALS INC,21.31000,8393588
14702,04/14/2016,AMAT,APPLIED MATERIALS INC,21.48000,18154170
14702,04/15/2016,AMAT,APPLIED MATERIALS INC,21.47000,12351577
14702,04/18/2016,AMAT,APPLIED MATERIALS INC,21.56000,9351868
14702,04/19/2016,AMAT,APPLIED MATERIALS INC,21.20000,12243030
14702,04/20/2016,AMAT,APPLIED MATERIALS INC,21.14000,13616651
14702,04/21/2016,AMAT,APPLIED MATERIALS INC,20.94500,8925869
14702,04/22/2016,AMAT,APPLIED MATERIALS INC,21.10000,9139325
14702,04/25/2016,AMAT,APPLIED MATERIALS INC,20.94000,6772343
14702,04/26/2016,AMAT,APPLIED MATERIALS INC,21.27000,9230905
14702,04/27/2016,AMAT,APPLIED MATERIALS INC,21.42000,9512579
14702,04/28/2016,AMAT,APPLIED MATERIALS INC,20.81000,10874821
14702,04/29/2016,AMAT,APPLIED MATERIALS INC,20.47000,14884513
14702,05/02/2016,AMAT,APPLIED MATERIALS INC,20.31000,11773450
14702,05/03/2016,AMAT,APPLIED MATERIALS INC,20.10000,16630824
14702,05/04/2016,AMAT,APPLIED MATERIALS INC,19.85000,12115180
14702,05/05/2016,AMAT,APPLIED MATERIALS INC,19.85000,9268190
14702,05/06/2016,AMAT,APPLIED MATERIALS INC,19.87000,7069070
14702,05/09/2016,AMAT,APPLIED MATERIALS INC,19.89000,5616437
14702,05/10/2016,AMAT,APPLIED MATERIALS INC,19.98000,11661722
14702,05/11/2016,AMAT,APPLIED MATERIALS INC,20.01000,20502448
14702,05/12/2016,AMAT,APPLIED MATERIALS INC,19.63000,11787895
14702,05/13/2016,AMAT,APPLIED MATERIALS INC,19.61000,10177818
14702,05/16/2016,AMAT,APPLIED MATERIALS INC,19.85000,7795882
14702,05/17/2016,AMAT,APPLIED MATERIALS INC,19.64000,7844915
14702,05/18/2016,AMAT,APPLIED MATERIALS INC,19.92000,10024955
14702,05/19/2016,AMAT,APPLIED MATERIALS INC,19.91000,14193312
14702,05/20/2016,AMAT,APPLIED MATERIALS INC,22.66000,53384957
14702,05/23/2016,AMAT,APPLIED MATERIALS INC,22.90000,24854316
14702,05/24/2016,AMAT,APPLIED MATERIALS INC,23.49000,19040312
14702,05/25/2016,AMAT,APPLIED MATERIALS INC,23.66000,14755355
14702,05/26/2016,AMAT,APPLIED MATERIALS INC,23.73000,12330459
14702,05/27/2016,AMAT,APPLIED MATERIALS INC,24.44000,18555575
14702,05/31/2016,AMAT,APPLIED MATERIALS INC,24.42000,18811938
14702,06/01/2016,AMAT,APPLIED MATERIALS INC,24.38000,10480952
14702,06/02/2016,AMAT,APPLIED MATERIALS INC,24.52000,18034782
14702,06/03/2016,AMAT,APPLIED MATERIALS INC,24.39000,16194520
14702,06/06/2016,AMAT,APPLIED MATERIALS INC,24.17000,13550487
14702,06/07/2016,AMAT,APPLIED MATERIALS INC,24.17000,10480932
14702,06/08/2016,AMAT,APPLIED MATERIALS INC,24.23000,8014917
14702,06/09/2016,AMAT,APPLIED MATERIALS INC,24.42000,11920923
14702,06/10/2016,AMAT,APPLIED MATERIALS INC,24.07000,12630169
14702,06/13/2016,AMAT,APPLIED MATERIALS INC,23.94000,11253046
14702,06/14/2016,AMAT,APPLIED MATERIALS INC,23.74000,14615279
14702,06/15/2016,AMAT,APPLIED MATERIALS INC,23.70000,13912714
14702,06/16/2016,AMAT,APPLIED MATERIALS INC,23.69000,12827761
14702,06/17/2016,AMAT,APPLIED MATERIALS INC,23.43000,22138510
14702,06/20/2016,AMAT,APPLIED MATERIALS INC,23.63000,13020721
14702,06/21/2016,AMAT,APPLIED MATERIALS INC,23.83000,7720110
14702,06/22/2016,AMAT,APPLIED MATERIALS INC,23.97000,11725756
14702,06/23/2016,AMAT,APPLIED MATERIALS INC,24.52000,10943091
14702,06/24/2016,AMAT,APPLIED MATERIALS INC,23.23000,35722847
14702,06/27/2016,AMAT,APPLIED MATERIALS INC,22.29000,20469315
14702,06/28/2016,AMAT,APPLIED MATERIALS INC,22.94000,13573757
14702,06/29/2016,AMAT,APPLIED MATERIALS INC,23.56000,13315337
14702,06/30/2016,AMAT,APPLIED MATERIALS INC,23.97000,10256713
21020,03/01/2016,AAL,AMERICAN AIRLINES GROUP INC,41.83000,7893196
21020,03/02/2016,AAL,AMERICAN AIRLINES GROUP INC,41.59000,7913743
21020,03/03/2016,AAL,AMERICAN AIRLINES GROUP INC,41.88000,8812844
21020,03/04/2016,AAL,AMERICAN AIRLINES GROUP INC,41.63000,9485386
21020,03/07/2016,AAL,AMERICAN AIRLINES GROUP INC,42.13000,6961033
21020,03/08/2016,AAL,AMERICAN AIRLINES GROUP INC,40.77000,8418307
21020,03/09/2016,AAL,AMERICAN AIRLINES GROUP INC,41.65000,8546320
21020,03/10/2016,AAL,AMERICAN AIRLINES GROUP INC,41.63000,5814184
21020,03/11/2016,AAL,AMERICAN AIRLINES GROUP INC,42.47000,5701487
21020,03/14/2016,AAL,AMERICAN AIRLINES GROUP INC,42.59000,4567995
21020,03/15/2016,AAL,AMERICAN AIRLINES GROUP INC,42.11000,4445364
21020,03/16/2016,AAL,AMERICAN AIRLINES GROUP INC,42.31000,4792939
21020,03/17/2016,AAL,AMERICAN AIRLINES GROUP INC,42.10000,5960628
21020,03/18/2016,AAL,AMERICAN AIRLINES GROUP INC,43.44000,13745965
21020,03/21/2016,AAL,AMERICAN AIRLINES GROUP INC,43.47000,4756375
21020,03/22/2016,AAL,AMERICAN AIRLINES GROUP INC,42.76000,6721590
21020,03/23/2016,AAL,AMERICAN AIRLINES GROUP INC,41.92000,9583382
21020,03/24/2016,AAL,AMERICAN AIRLINES GROUP INC,40.50000,12515149
21020,03/28/2016,AAL,AMERICAN AIRLINES GROUP INC,40.91000,6402846
21020,03/29/2016,AAL,AMERICAN AIRLINES GROUP INC,41.35000,6794023
21020,03/30/2016,AAL,AMERICAN AIRLINES GROUP INC,41.38000,6076819
21020,03/31/2016,AAL,AMERICAN AIRLINES GROUP INC,41.01000,8138009
21020,04/01/2016,AAL,AMERICAN AIRLINES GROUP INC,39.52000,11244208
21020,04/04/2016,AAL,AMERICAN AIRLINES GROUP INC,39.37000,7831606
21020,04/05/2016,AAL,AMERICAN AIRLINES GROUP INC,38.93000,7648428
21020,04/06/2016,AAL,AMERICAN AIRLINES GROUP INC,38.90000,5649968
21020,04/07/2016,AAL,AMERICAN AIRLINES GROUP INC,38.36000,8206668
21020,04/08/2016,AAL,AMERICAN AIRLINES GROUP INC,38.50000,6087408
21020,04/11/2016,AAL,AMERICAN AIRLINES GROUP INC,38.73000,7932341
21020,04/12/2016,AAL,AMERICAN AIRLINES GROUP INC,39.19000,6426030
21020,04/13/2016,AAL,AMERICAN AIRLINES GROUP INC,39.94000,12493627
21020,04/14/2016,AAL,AMERICAN AIRLINES GROUP INC,41.17000,10133381
21020,04/15/2016,AAL,AMERICAN AIRLINES GROUP INC,40.91000,6982204
21020,04/18/2016,AAL,AMERICAN AIRLINES GROUP INC,40.92000,5245673
21020,04/19/2016,AAL,AMERICAN AIRLINES GROUP INC,41.34000,6650663
21020,04/20/2016,AAL,AMERICAN AIRLINES GROUP INC,41.26000,5018209
21020,04/21/2016,AAL,AMERICAN AIRLINES GROUP INC,40.01000,10782629
21020,04/22/2016,AAL,AMERICAN AIRLINES GROUP INC,38.21000,20939508
21020,04/25/2016,AAL,AMERICAN AIRLINES GROUP INC,37.00000,12670142
21020,04/26/2016,AAL,AMERICAN AIRLINES GROUP INC,36.92000,14710270
21020,04/27/2016,AAL,AMERICAN AIRLINES GROUP INC,36.71000,12305033
21020,04/28/2016,AAL,AMERICAN AIRLINES GROUP INC,35.97000,9836832
21020,04/29/2016,AAL,AMERICAN AIRLINES GROUP INC,34.69000,17807211
21020,05/02/2016,AAL,AMERICAN AIRLINES GROUP INC,34.43000,8829819
21020,05/03/2016,AAL,AMERICAN AIRLINES GROUP INC,34.58000,10674224
21020,05/04/2016,AAL,AMERICAN AIRLINES GROUP INC,33.21000,13412432
21020,05/05/2016,AAL,AMERICAN AIRLINES GROUP INC,32.80500,11606138
21020,05/06/2016,AAL,AMERICAN AIRLINES GROUP INC,33.03000,12749112
21020,05/09/2016,AAL,AMERICAN AIRLINES GROUP INC,32.94000,9312525
21020,05/10/2016,AAL,AMERICAN AIRLINES GROUP INC,33.77000,8124367
21020,05/11/2016,AAL,AMERICAN AIRLINES GROUP INC,32.86000,8148588
21020,05/12/2016,AAL,AMERICAN AIRLINES GROUP INC,31.33000,14228217
21020,05/13/2016,AAL,AMERICAN AIRLINES GROUP INC,31.51000,10132516
21020,05/16/2016,AAL,AMERICAN AIRLINES GROUP INC,32.12000,12397759
21020,05/17/2016,AAL,AMERICAN AIRLINES GROUP INC,32.64000,13303448
21020,05/18/2016,AAL,AMERICAN AIRLINES GROUP INC,32.61000,9136275
21020,05/19/2016,AAL,AMERICAN AIRLINES GROUP INC,32.15000,8875353
21020,05/20/2016,AAL,AMERICAN AIRLINES GROUP INC,32.01000,7277953
21020,05/23/2016,AAL,AMERICAN AIRLINES GROUP INC,31.73000,6498413
21020,05/24/2016,AAL,AMERICAN AIRLINES GROUP INC,32.15000,6962729
21020,05/25/2016,AAL,AMERICAN AIRLINES GROUP INC,32.17000,7403238
21020,05/26/2016,AAL,AMERICAN AIRLINES GROUP INC,31.51000,7222797
21020,05/27/2016,AAL,AMERICAN AIRLINES GROUP INC,31.65000,8573689
21020,05/31/2016,AAL,AMERICAN AIRLINES GROUP INC,31.91000,9621047
21020,06/01/2016,AAL,AMERICAN AIRLINES GROUP INC,31.95000,6416247
21020,06/02/2016,AAL,AMERICAN AIRLINES GROUP INC,31.67000,6813295
21020,06/03/2016,AAL,AMERICAN AIRLINES GROUP INC,30.81000,12424133
21020,06/06/2016,AAL,AMERICAN AIRLINES GROUP INC,31.26000,8335439
21020,06/07/2016,AAL,AMERICAN AIRLINES GROUP INC,32.36000,12424206
21020,06/08/2016,AAL,AMERICAN AIRLINES GROUP INC,32.51000,8173130
21020,06/09/2016,AAL,AMERICAN AIRLINES GROUP INC,33.40000,8188322
21020,06/10/2016,AAL,AMERICAN AIRLINES GROUP INC,33.14000,8252308
21020,06/13/2016,AAL,AMERICAN AIRLINES GROUP INC,31.80000,9225556
21020,06/14/2016,AAL,AMERICAN AIRLINES GROUP INC,30.36000,13823001
21020,06/15/2016,AAL,AMERICAN AIRLINES GROUP INC,30.49000,8152256
21020,06/16/2016,AAL,AMERICAN AIRLINES GROUP INC,29.14000,18236714
21020,06/17/2016,AAL,AMERICAN AIRLINES GROUP INC,29.34000,15301910
21020,06/20/2016,AAL,AMERICAN AIRLINES GROUP INC,29.71000,8359297
21020,06/21/2016,AAL,AMERICAN AIRLINES GROUP INC,30.02000,8922947
21020,06/22/2016,AAL,AMERICAN AIRLINES GROUP INC,29.89000,6718416
21020,06/23/2016,AAL,AMERICAN AIRLINES GROUP INC,30.33000,9139949
21020,06/24/2016,AAL,AMERICAN AIRLINES GROUP INC,27.05000,36051520
21020,06/27/2016,AAL,AMERICAN AIRLINES GROUP INC,25.27000,23200527
21020,06/28/2016,AAL,AMERICAN AIRLINES GROUP INC,26.77000,20026097
21020,06/29/2016,AAL,AMERICAN AIRLINES GROUP INC,27.70000,15008769
21020,06/30/2016,AAL,AMERICAN AIRLINES GROUP INC,28.31000,11148266
44644,03/01/2016,ADP,AUTOMATIC DATA PROCESSING INC,86.77000,1580019
44644,03/02/2016,ADP,AUTOMATIC DATA PROCESSING INC,85.65000,2059346
44644,03/03/2016,ADP,AUTOMATIC DATA PROCESSING INC,85.65000,1700511
44644,03/04/2016,ADP,AUTOMATIC DATA PROCESSING INC,86.19000,1582697
44644,03/07/2016,ADP,AUTOMATIC DATA PROCESSING INC,86.09000,1400721
44644,03/08/2016,ADP,AUTOMATIC DATA PROCESSING INC,85.49000,1758109
44644,03/09/2016,ADP,AUTOMATIC DATA PROCESSING INC,85.72000,1636663
44644,03/10/2016,ADP,AUTOMATIC DATA PROCESSING INC,85.20000,1528377
44644,03/11/2016,ADP,AUTOMATIC DATA PROCESSING INC,87.27000,1863537
44644,03/14/2016,ADP,AUTOMATIC DATA PROCESSING INC,87.27000,1311980
44644,03/15/2016,ADP,AUTOMATIC DATA PROCESSING INC,87.32000,1195064
44644,03/16/2016,ADP,AUTOMATIC DATA PROCESSING INC,87.66000,1087995
44644,03/17/2016,ADP,AUTOMATIC DATA PROCESSING INC,88.84000,1482159
44644,03/18/2016,ADP,AUTOMATIC DATA PROCESSING INC,88.64000,3207912
44644,03/21/2016,ADP,AUTOMATIC DATA PROCESSING INC,89.01000,1575212
44644,03/22/2016,ADP,AUTOMATIC DATA PROCESSING INC,88.64000,1280496
44644,03/23/2016,ADP,AUTOMATIC DATA PROCESSING INC,88.53000,1189072
44644,03/24/2016,ADP,AUTOMATIC DATA PROCESSING INC,88.75000,1035411
44644,03/28/2016,ADP,AUTOMATIC DATA PROCESSING INC,88.30000,1325131
44644,03/29/2016,ADP,AUTOMATIC DATA PROCESSING INC,89.43000,1711455
44644,03/30/2016,ADP,AUTOMATIC DATA PROCESSING INC,89.15000,1506775
44644,03/31/2016,ADP,AUTOMATIC DATA PROCESSING INC,89.71000,1482384
44644,04/01/2016,ADP,AUTOMATIC DATA PROCESSING INC,90.26000,1626486
44644,04/04/2016,ADP,AUTOMATIC DATA PROCESSING INC,89.71000,1179093
44644,04/05/2016,ADP,AUTOMATIC DATA PROCESSING INC,89.75000,1783667
44644,04/06/2016,ADP,AUTOMATIC DATA PROCESSING INC,90.84000,1886283
44644,04/07/2016,ADP,AUTOMATIC DATA PROCESSING INC,89.80000,1655275
44644,04/08/2016,ADP,AUTOMATIC DATA PROCESSING INC,90.33000,1086721
44644,04/11/2016,ADP,AUTOMATIC DATA PROCESSING INC,89.71000,1561594
44644,04/12/2016,ADP,AUTOMATIC DATA PROCESSING INC,90.11000,1503853
44644,04/13/2016,ADP,AUTOMATIC DATA PROCESSING INC,90.24000,1663479
44644,04/14/2016,ADP,AUTOMATIC DATA PROCESSING INC,90.26000,1802528
44644,04/15/2016,ADP,AUTOMATIC DATA PROCESSING INC,90.15000,1751858
44644,04/18/2016,ADP,AUTOMATIC DATA PROCESSING INC,90.70000,1301015
44644,04/19/2016,ADP,AUTOMATIC DATA PROCESSING INC,90.74000,1910955
44644,04/20/2016,ADP,AUTOMATIC DATA PROCESSING INC,90.12000,1898883
44644,04/21/2016,ADP,AUTOMATIC DATA PROCESSING INC,89.35000,1538920
44644,04/22/2016,ADP,AUTOMATIC DATA PROCESSING INC,89.65000,1413760
44644,04/25/2016,ADP,AUTOMATIC DATA PROCESSING INC,89.58000,1143191
44644,04/26/2016,ADP,AUTOMATIC DATA PROCESSING INC,89.79000,1631851
44644,04/27/2016,ADP,AUTOMATIC DATA PROCESSING INC,90.12000,2406460
44644,04/28/2016,ADP,AUTOMATIC DATA PROCESSING INC,89.10000,2953665
44644,04/29/2016,ADP,AUTOMATIC DATA PROCESSING INC,88.44000,2296955
44644,05/02/2016,ADP,AUTOMATIC DATA PROCESSING INC,89.43000,2228290
44644,05/03/2016,ADP,AUTOMATIC DATA PROCESSING INC,88.81000,3258693
44644,05/04/2016,ADP,AUTOMATIC DATA PROCESSING INC,88.39000,1192794
44644,05/05/2016,ADP,AUTOMATIC DATA PROCESSING INC,86.45000,5092830
44644,05/06/2016,ADP,AUTOMATIC DATA PROCESSING INC,86.85000,4489637
44644,05/09/2016,ADP,AUTOMATIC DATA PROCESSING INC,87.16000,3340876
44644,05/10/2016,ADP,AUTOMATIC DATA PROCESSING INC,88.50000,4131779
44644,05/11/2016,ADP,AUTOMATIC DATA PROCESSING INC,86.67000,1954758
44644,05/12/2016,ADP,AUTOMATIC DATA PROCESSING INC,86.54000,1692622
44644,05/13/2016,ADP,AUTOMATIC DATA PROCESSING INC,85.76000,1862020
44644,05/16/2016,ADP,AUTOMATIC DATA PROCESSING INC,86.70000,1732414
44644,05/17/2016,ADP,AUTOMATIC DATA PROCESSING INC,85.35000,1508553
44644,05/18/2016,ADP,AUTOMATIC DATA PROCESSING INC,85.60000,1272770
44644,05/19/2016,ADP,AUTOMATIC DATA PROCESSING INC,85.14000,1493913
44644,05/20/2016,ADP,AUTOMATIC DATA PROCESSING INC,85.47000,1381976
44644,05/23/2016,ADP,AUTOMATIC DATA PROCESSING INC,85.25000,1076031
44644,05/24/2016,ADP,AUTOMATIC DATA PROCESSING INC,87.46000,2163954
44644,05/25/2016,ADP,AUTOMATIC DATA PROCESSING INC,87.52000,1405090
44644,05/26/2016,ADP,AUTOMATIC DATA PROCESSING INC,87.70000,1042476
44644,05/27/2016,ADP,AUTOMATIC DATA PROCESSING INC,88.04000,1078085
44644,05/31/2016,ADP,AUTOMATIC DATA PROCESSING INC,87.84000,2041885
44644,06/01/2016,ADP,AUTOMATIC DATA PROCESSING INC,88.12000,1685803
44644,06/02/2016,ADP,AUTOMATIC DATA PROCESSING INC,88.09000,1092520
44644,06/03/2016,ADP,AUTOMATIC DATA PROCESSING INC,87.33000,1399914
44644,06/06/2016,ADP,AUTOMATIC DATA PROCESSING INC,87.69000,1392932
44644,06/07/2016,ADP,AUTOMATIC DATA PROCESSING INC,86.87000,2480957
44644,06/08/2016,ADP,AUTOMATIC DATA PROCESSING INC,87.22000,1797346
44644,06/09/2016,ADP,AUTOMATIC DATA PROCESSING INC,87.63000,1517709
44644,06/10/2016,ADP,AUTOMATIC DATA PROCESSING INC,87.09000,1635720
44644,06/13/2016,ADP,AUTOMATIC DATA PROCESSING INC,87.16000,3191446
44644,06/14/2016,ADP,AUTOMATIC DATA PROCESSING INC,87.49000,2356670
44644,06/15/2016,ADP,AUTOMATIC DATA PROCESSING INC,87.61000,2080455
44644,06/16/2016,ADP,AUTOMATIC DATA PROCESSING INC,88.03000,1469419
44644,06/17/2016,ADP,AUTOMATIC DATA PROCESSING INC,87.61000,2708741
44644,06/20/2016,ADP,AUTOMATIC DATA PROCESSING INC,89.04000,2061740
44644,06/21/2016,ADP,AUTOMATIC DATA PROCESSING INC,89.34000,1725600
44644,06/22/2016,ADP,AUTOMATIC DATA PROCESSING INC,88.82000,1537895
44644,06/23/2016,ADP,AUTOMATIC DATA PROCESSING INC,89.94000,1364084
44644,06/24/2016,ADP,AUTOMATIC DATA PROCESSING INC,86.72000,4044490
44644,06/27/2016,ADP,AUTOMATIC DATA PROCESSING INC,85.66000,2609431
44644,06/28/2016,ADP,AUTOMATIC DATA PROCESSING INC,87.92000,2531140
44644,06/29/2016,ADP,AUTOMATIC DATA PROCESSING INC,89.13000,2274421
44644,06/30/2016,ADP,AUTOMATIC DATA PROCESSING INC,91.87000,2944886
75510,03/01/2016,ADBE,ADOBE SYSTEMS INC,88.37000,3606980
75510,03/02/2016,ADBE,ADOBE SYSTEMS INC,88.39000,2863529
75510,03/03/2016,ADBE,ADOBE SYSTEMS INC,87.21000,3082086
75510,03/04/2016,ADBE,ADOBE SYSTEMS INC,86.18000,3002480
75510,03/07/2016,ADBE,ADOBE SYSTEMS INC,85.11000,3124542
75510,03/08/2016,ADBE,ADOBE SYSTEMS INC,84.35000,3245661
75510,03/09/2016,ADBE,ADOBE SYSTEMS INC,85.27000,2491523
75510,03/10/2016,ADBE,ADOBE SYSTEMS INC,84.85000,2969730
75510,03/11/2016,ADBE,ADOBE SYSTEMS INC,86.00000,3330376
75510,03/14/2016,ADBE,ADOBE SYSTEMS INC,87.01000,3754525
75510,03/15/2016,ADBE,ADOBE SYSTEMS INC,86.83000,2909597
75510,03/16/2016,ADBE,ADOBE SYSTEMS INC,88.17000,3383006
75510,03/17/2016,ADBE,ADOBE SYSTEMS INC,89.96000,6914582
75510,03/18/2016,ADBE,ADOBE SYSTEMS INC,93.42000,12530111
75510,03/21/2016,ADBE,ADOBE SYSTEMS INC,92.50000,4657275
75510,03/22/2016,ADBE,ADOBE SYSTEMS INC,92.56000,4479404
75510,03/23/2016,ADBE,ADOBE SYSTEMS INC,92.16000,2767607
75510,03/24/2016,ADBE,ADOBE SYSTEMS INC,92.52000,3266804
75510,03/28/2016,ADBE,ADOBE SYSTEMS INC,92.40000,2282982
75510,03/29/2016,ADBE,ADOBE SYSTEMS INC,93.22000,4248811
75510,03/30/2016,ADBE,ADOBE SYSTEMS INC,93.78000,6797236
75510,03/31/2016,ADBE,ADOBE SYSTEMS INC,93.80000,6561355
75510,04/01/2016,ADBE,ADOBE SYSTEMS INC,95.16000,3986331
75510,04/04/2016,ADBE,ADOBE SYSTEMS INC,94.50000,2398328
75510,04/05/2016,ADBE,ADOBE SYSTEMS INC,94.17000,2472627
75510,04/06/2016,ADBE,ADOBE SYSTEMS INC,95.40000,2705679
75510,04/07/2016,ADBE,ADOBE SYSTEMS INC,93.78000,2370458
75510,04/08/2016,ADBE,ADOBE SYSTEMS INC,94.07000,2063189
75510,04/11/2016,ADBE,ADOBE SYSTEMS INC,92.95000,2165096
75510,04/12/2016,ADBE,ADOBE SYSTEMS INC,93.42000,2078977
75510,04/13/2016,ADBE,ADOBE SYSTEMS INC,94.53000,2054988
75510,04/14/2016,ADBE,ADOBE SYSTEMS INC,94.44000,1764045
75510,04/15/2016,ADBE,ADOBE SYSTEMS INC,95.16000,2187368
75510,04/18/2016,ADBE,ADOBE SYSTEMS INC,96.55000,2174945
75510,04/19/2016,ADBE,ADOBE SYSTEMS INC,96.52000,2507545
75510,04/20/2016,ADBE,ADOBE SYSTEMS INC,96.33000,2712058
75510,04/21/2016,ADBE,ADOBE SYSTEMS INC,96.37000,2123805
75510,04/22/2016,ADBE,ADOBE SYSTEMS INC,94.79000,3797944
75510,04/25/2016,ADBE,ADOBE SYSTEMS INC,95.80000,2046954
75510,04/26/2016,ADBE,ADOBE SYSTEMS INC,96.15000,1419291
75510,04/27/2016,ADBE,ADOBE SYSTEMS INC,95.64000,2082752
75510,04/28/2016,ADBE,ADOBE SYSTEMS INC,93.64000,3497804
75510,04/29/2016,ADBE,ADOBE SYSTEMS INC,94.22000,3163936
75510,05/02/2016,ADBE,ADOBE SYSTEMS INC,94.90000,2330575
75510,05/03/2016,ADBE,ADOBE SYSTEMS INC,93.66000,1811411
75510,05/04/2016,ADBE,ADOBE SYSTEMS INC,92.94000,1710737
75510,05/05/2016,ADBE,ADOBE SYSTEMS INC,93.50000,1895000
75510,05/06/2016,ADBE,ADOBE SYSTEMS INC,94.30000,1465007
75510,05/09/2016,ADBE,ADOBE SYSTEMS INC,94.61000,1406925
75510,05/10/2016,ADBE,ADOBE SYSTEMS INC,96.52000,1808374
75510,05/11/2016,ADBE,ADOBE SYSTEMS INC,96.10000,1569274
75510,05/12/2016,ADBE,ADOBE SYSTEMS INC,95.96000,1198136
75510,05/13/2016,ADBE,ADOBE SYSTEMS INC,95.97000,2221109
75510,05/16/2016,ADBE,ADOBE SYSTEMS INC,97.23000,1918527
75510,05/17/2016,ADBE,ADOBE SYSTEMS INC,95.93000,3279639
75510,05/18/2016,ADBE,ADOBE SYSTEMS INC,96.70000,2010417
75510,05/19/2016,ADBE,ADOBE SYSTEMS INC,95.88000,1988399
75510,05/20/2016,ADBE,ADOBE SYSTEMS INC,96.88000,2218291
75510,05/23/2016,ADBE,ADOBE SYSTEMS INC,96.62000,1095905
75510,05/24/2016,ADBE,ADOBE SYSTEMS INC,99.63000,3014836
75510,05/25/2016,ADBE,ADOBE SYSTEMS INC,99.61000,1956284
75510,05/26/2016,ADBE,ADOBE SYSTEMS INC,99.37000,1970863
75510,05/27/2016,ADBE,ADOBE SYSTEMS INC,100.14000,1603837
75510,05/31/2016,ADBE,ADOBE SYSTEMS INC,99.47000,3480452
75510,06/01/2016,ADBE,ADOBE SYSTEMS INC,100.04000,1663280
75510,06/02/2016,ADBE,ADOBE SYSTEMS INC,100.17000,1761940
75510,06/03/2016,ADBE,ADOBE SYSTEMS INC,98.70000,2417036
75510,06/06/2016,ADBE,ADOBE SYSTEMS INC,99.12000,1395755
75510,06/07/2016,ADBE,ADOBE SYSTEMS INC,98.52000,2143943
75510,06/08/2016,ADBE,ADOBE SYSTEMS INC,98.68000,2078746
75510,06/09/2016,ADBE,ADOBE SYSTEMS INC,98.07000,1609440
75510,06/10/2016,ADBE,ADOBE SYSTEMS INC,97.09000,1863823
75510,06/13/2016,ADBE,ADOBE SYSTEMS INC,96.96000,2291495
75510,06/14/2016,ADBE,ADOBE SYSTEMS INC,96.98000,1889775
75510,06/15/2016,ADBE,ADOBE SYSTEMS INC,97.02000,2270369
75510,06/16/2016,ADBE,ADOBE SYSTEMS INC,97.19000,1952549
75510,06/17/2016,ADBE,ADOBE SYSTEMS INC,95.58000,4541519
75510,06/20/2016,ADBE,ADOBE SYSTEMS INC,97.99000,4310609
75510,06/21/2016,ADBE,ADOBE SYSTEMS INC,99.72000,6505094
75510,06/22/2016,ADBE,ADOBE SYSTEMS INC,94.01000,10317285
75510,06/23/2016,ADBE,ADOBE SYSTEMS INC,96.21000,3803197
75510,06/24/2016,ADBE,ADOBE SYSTEMS INC,92.20000,4366669
75510,06/27/2016,ADBE,ADOBE SYSTEMS INC,90.85000,3930483
75510,06/28/2016,ADBE,ADOBE SYSTEMS INC,92.46000,3319217
75510,06/29/2016,ADBE,ADOBE SYSTEMS INC,94.39000,2965452
75510,06/30/2016,ADBE,ADOBE SYSTEMS INC,95.79000,3544671
79678,03/01/2016,ATVI,ACTIVISION BLIZZARD INC,32.21000,7545577
79678,03/02/2016,ATVI,ACTIVISION BLIZZARD INC,32.01000,8292781
79678,03/03/2016,ATVI,ACTIVISION BLIZZARD INC,31.52000,5454899
79678,03/04/2016,ATVI,ACTIVISION BLIZZARD INC,31.19000,6125808
79678,03/07/2016,ATVI,ACTIVISION BLIZZARD INC,30.98000,7754692
79678,03/08/2016,ATVI,ACTIVISION BLIZZARD INC,30.78000,6958290
79678,03/09/2016,ATVI,ACTIVISION BLIZZARD INC,30.86000,6527104
79678,03/10/2016,ATVI,ACTIVISION BLIZZARD INC,31.25000,7588874
79678,03/11/2016,ATVI,ACTIVISION BLIZZARD INC,31.52000,7747237
79678,03/14/2016,ATVI,ACTIVISION BLIZZARD INC,32.41000,7123702
79678,03/15/2016,ATVI,ACTIVISION BLIZZARD INC,32.48000,5374000
79678,03/16/2016,ATVI,ACTIVISION BLIZZARD INC,32.79000,5080390
79678,03/17/2016,ATVI,ACTIVISION BLIZZARD INC,32.60000,6275617
79678,03/18/2016,ATVI,ACTIVISION BLIZZARD INC,32.20000,11477107
79678,03/21/2016,ATVI,ACTIVISION BLIZZARD INC,32.04000,3060645
79678,03/22/2016,ATVI,ACTIVISION BLIZZARD INC,32.54000,4687567
79678,03/23/2016,ATVI,ACTIVISION BLIZZARD INC,32.58000,4115875
79678,03/24/2016,ATVI,ACTIVISION BLIZZARD INC,32.21000,3764407
79678,03/28/2016,ATVI,ACTIVISION BLIZZARD INC,32.14000,3263309
79678,03/29/2016,ATVI,ACTIVISION BLIZZARD INC,33.24000,6150603
79678,03/30/2016,ATVI,ACTIVISION BLIZZARD INC,34.07000,8355068
79678,03/31/2016,ATVI,ACTIVISION BLIZZARD INC,33.84000,7040449
79678,04/01/2016,ATVI,ACTIVISION BLIZZARD INC,34.42000,4998460
79678,04/04/2016,ATVI,ACTIVISION BLIZZARD INC,34.23000,4823265
79678,04/05/2016,ATVI,ACTIVISION BLIZZARD INC,33.71000,5673361
79678,04/06/2016,ATVI,ACTIVISION BLIZZARD INC,34.00000,4550220
79678,04/07/2016,ATVI,ACTIVISION BLIZZARD INC,33.42000,5795968
79678,04/08/2016,ATVI,ACTIVISION BLIZZARD INC,33.97000,4591958
79678,04/11/2016,ATVI,ACTIVISION BLIZZARD INC,33.41000,4487159
79678,04/12/2016,ATVI,ACTIVISION BLIZZARD INC,33.48000,5235925
79678,04/13/2016,ATVI,ACTIVISION BLIZZARD INC,35.16000,8358487
79678,04/14/2016,ATVI,ACTIVISION BLIZZARD INC,34.91000,3898193
79678,04/15/2016,ATVI,ACTIVISION BLIZZARD INC,34.57000,5357160
79678,04/18/2016,ATVI,ACTIVISION BLIZZARD INC,35.44000,4526670
79678,04/19/2016,ATVI,ACTIVISION BLIZZARD INC,35.21000,4159920
79678,04/20/2016,ATVI,ACTIVISION BLIZZARD INC,35.25000,3502252
79678,04/21/2016,ATVI,ACTIVISION BLIZZARD INC,35.19000,3113908
79678,04/22/2016,ATVI,ACTIVISION BLIZZARD INC,34.65000,4673165
79678,04/25/2016,ATVI,ACTIVISION BLIZZARD INC,34.92000,2743370
79678,04/26/2016,ATVI,ACTIVISION BLIZZARD INC,35.21000,3566958
79678,04/27/2016,ATVI,ACTIVISION BLIZZARD INC,34.37000,6867181
79678,04/28/2016,ATVI,ACTIVISION BLIZZARD INC,33.90000,5250207
79678,04/29/2016,ATVI,ACTIVISION BLIZZARD INC,34.47000,6444496
79678,05/02/2016,ATVI,ACTIVISION BLIZZARD INC,34.58000,7586322
79678,05/03/2016,ATVI,ACTIVISION BLIZZARD INC,34.11000,4309551
79678,05/04/2016,ATVI,ACTIVISION BLIZZARD INC,34.28000,5769874
79678,05/05/2016,ATVI,ACTIVISION BLIZZARD INC,34.91000,9969132
79678,05/06/2016,ATVI,ACTIVISION BLIZZARD INC,37.87000,19055942
79678,05/09/2016,ATVI,ACTIVISION BLIZZARD INC,37.15000,10815016
79678,05/10/2016,ATVI,ACTIVISION BLIZZARD INC,36.41000,14277764
79678,05/11/2016,ATVI,ACTIVISION BLIZZARD INC,37.11000,10242988
79678,05/12/2016,ATVI,ACTIVISION BLIZZARD INC,37.91000,8132287
79678,05/13/2016,ATVI,ACTIVISION BLIZZARD INC,38.29000,10209848
79678,05/16/2016,ATVI,ACTIVISION BLIZZARD INC,39.39000,7785309
79678,05/17/2016,ATVI,ACTIVISION BLIZZARD INC,38.12000,10669626
79678,05/18/2016,ATVI,ACTIVISION BLIZZARD INC,38.47000,7680492
79678,05/19/2016,ATVI,ACTIVISION BLIZZARD INC,37.80000,7602458
79678,05/20/2016,ATVI,ACTIVISION BLIZZARD INC,37.53000,11641830
79678,05/23/2016,ATVI,ACTIVISION BLIZZARD INC,37.73000,5634642
79678,05/24/2016,ATVI,ACTIVISION BLIZZARD INC,39.02000,7620574
79678,05/25/2016,ATVI,ACTIVISION BLIZZARD INC,38.95000,7681778
79678,05/26/2016,ATVI,ACTIVISION BLIZZARD INC,39.09500,8255722
79678,05/27/2016,ATVI,ACTIVISION BLIZZARD INC,39.34000,6266336
79678,05/31/2016,ATVI,ACTIVISION BLIZZARD INC,39.26000,8466742
79678,06/01/2016,ATVI,ACTIVISION BLIZZARD INC,38.65000,8432241
79678,06/02/2016,ATVI,ACTIVISION BLIZZARD INC,38.69000,6601042
79678,06/03/2016,ATVI,ACTIVISION BLIZZARD INC,37.81000,9685230
79678,06/06/2016,ATVI,ACTIVISION BLIZZARD INC,37.76000,7727875
79678,06/07/2016,ATVI,ACTIVISION BLIZZARD INC,38.13000,7315913
79678,06/08/2016,ATVI,ACTIVISION BLIZZARD INC,38.12000,11260501
79678,06/09/2016,ATVI,ACTIVISION BLIZZARD INC,38.54000,23555740
79678,06/10/2016,ATVI,ACTIVISION BLIZZARD INC,37.77000,13435025
79678,06/13/2016,ATVI,ACTIVISION BLIZZARD INC,37.63000,7169483
79678,06/14/2016,ATVI,ACTIVISION BLIZZARD INC,38.41000,19995464
79678,06/15/2016,ATVI,ACTIVISION BLIZZARD INC,38.33000,10464780
79678,06/16/2016,ATVI,ACTIVISION BLIZZARD INC,39.03000,10064275
79678,06/17/2016,ATVI,ACTIVISION BLIZZARD INC,38.08000,13436367
79678,06/20/2016,ATVI,ACTIVISION BLIZZARD INC,38.69000,9354231
79678,06/21/2016,ATVI,ACTIVISION BLIZZARD INC,38.66000,7156128
79678,06/22/2016,ATVI,ACTIVISION BLIZZARD INC,38.32000,4779261
79678,06/23/2016,ATVI,ACTIVISION BLIZZARD INC,38.92000,5674095
79678,06/24/2016,ATVI,ACTIVISION BLIZZARD INC,36.98000,23589159
79678,06/27/2016,ATVI,ACTIVISION BLIZZARD INC,36.15000,9340506
79678,06/28/2016,ATVI,ACTIVISION BLIZZARD INC,37.18000,6306628
79678,06/29/2016,ATVI,ACTIVISION BLIZZARD INC,38.02000,7641766
79678,06/30/2016,ATVI,ACTIVISION BLIZZARD INC,39.63000,15053560
83111,03/01/2016,ALXN,ALEXION PHARMACEUTICALS INC,150.83000,2227714
83111,03/02/2016,ALXN,ALEXION PHARMACEUTICALS INC,151.59000,1871439
83111,03/03/2016,ALXN,ALEXION PHARMACEUTICALS INC,145.85001,1328870
83111,03/04/2016,ALXN,ALEXION PHARMACEUTICALS INC,144.46001,1352962
83111,03/07/2016,ALXN,ALEXION PHARMACEUTICALS INC,149.60001,1110864
83111,03/08/2016,ALXN,ALEXION PHARMACEUTICALS INC,141.03000,1955916
83111,03/09/2016,ALXN,ALEXION PHARMACEUTICALS INC,140.52000,2018853
83111,03/10/2016,ALXN,ALEXION PHARMACEUTICALS INC,136.75999,1803068
83111,03/11/2016,ALXN,ALEXION PHARMACEUTICALS INC,139.27000,1695148
83111,03/14/2016,ALXN,ALEXION PHARMACEUTICALS INC,134.50000,1644690
83111,03/15/2016,ALXN,ALEXION PHARMACEUTICALS INC,134.44000,2163323
83111,03/16/2016,ALXN,ALEXION PHARMACEUTICALS INC,130.84000,1499721
83111,03/17/2016,ALXN,ALEXION PHARMACEUTICALS INC,127.91000,2838930
83111,03/18/2016,ALXN,ALEXION PHARMACEUTICALS INC,128.45000,2608231
83111,03/21/2016,ALXN,ALEXION PHARMACEUTICALS INC,131.06000,1500609
83111,03/22/2016,ALXN,ALEXION PHARMACEUTICALS INC,135.71001,2205079
83111,03/23/2016,ALXN,ALEXION PHARMACEUTICALS INC,133.63000,2333273
83111,03/24/2016,ALXN,ALEXION PHARMACEUTICALS INC,133.19000,1222032
83111,03/28/2016,ALXN,ALEXION PHARMACEUTICALS INC,132.50000,1298440
83111,03/29/2016,ALXN,ALEXION PHARMACEUTICALS INC,134.53999,1172756
83111,03/30/2016,ALXN,ALEXION PHARMACEUTICALS INC,134.82001,1263283
83111,03/31/2016,ALXN,ALEXION PHARMACEUTICALS INC,139.22000,1831253
83111,04/01/2016,ALXN,ALEXION PHARMACEUTICALS INC,142.94000,2023517
83111,04/04/2016,ALXN,ALEXION PHARMACEUTICALS INC,147.10001,1995969
83111,04/05/2016,ALXN,ALEXION PHARMACEUTICALS INC,148.03000,1718949
83111,04/06/2016,ALXN,ALEXION PHARMACEUTICALS INC,157.02000,2117774
83111,04/07/2016,ALXN,ALEXION PHARMACEUTICALS INC,148.03000,2081011
83111,04/08/2016,ALXN,ALEXION PHARMACEUTICALS INC,148.89000,1542709
83111,04/11/2016,ALXN,ALEXION PHARMACEUTICALS INC,147.88000,1296094
83111,04/12/2016,ALXN,ALEXION PHARMACEUTICALS INC,153.55000,1461082
83111,04/13/2016,ALXN,ALEXION PHARMACEUTICALS INC,152.88000,1622310
83111,04/14/2016,ALXN,ALEXION PHARMACEUTICALS INC,154.75000,984712
83111,04/15/2016,ALXN,ALEXION PHARMACEUTICALS INC,153.09000,1569045
83111,04/18/2016,ALXN,ALEXION PHARMACEUTICALS INC,155.71001,989268
83111,04/19/2016,ALXN,ALEXION PHARMACEUTICALS INC,155.44000,779186
83111,04/20/2016,ALXN,ALEXION PHARMACEUTICALS INC,157.03999,822597
83111,04/21/2016,ALXN,ALEXION PHARMACEUTICALS INC,161.38000,1197986
83111,04/22/2016,ALXN,ALEXION PHARMACEUTICALS INC,159.10001,1216634
83111,04/25/2016,ALXN,ALEXION PHARMACEUTICALS INC,158.02000,849052
83111,04/26/2016,ALXN,ALEXION PHARMACEUTICALS INC,154.00999,1458572
83111,04/27/2016,ALXN,ALEXION PHARMACEUTICALS INC,150.78000,1865581
83111,04/28/2016,ALXN,ALEXION PHARMACEUTICALS INC,142.53000,3278627
83111,04/29/2016,ALXN,ALEXION PHARMACEUTICALS INC,139.28000,2051577
83111,05/02/2016,ALXN,ALEXION PHARMACEUTICALS INC,140.53000,1365407
83111,05/03/2016,ALXN,ALEXION PHARMACEUTICALS INC,144.37000,2259306
83111,05/04/2016,ALXN,ALEXION PHARMACEUTICALS INC,141.41000,1284482
83111,05/05/2016,ALXN,ALEXION PHARMACEUTICALS INC,142.58000,1005576
83111,05/06/2016,ALXN,ALEXION PHARMACEUTICALS INC,140.99001,933231
83111,05/09/2016,ALXN,ALEXION PHARMACEUTICALS INC,143.52000,951438
83111,05/10/2016,ALXN,ALEXION PHARMACEUTICALS INC,145.48000,912053
83111,05/11/2016,ALXN,ALEXION PHARMACEUTICALS INC,138.86000,1122397
83111,05/12/2016,ALXN,ALEXION PHARMACEUTICALS INC,139.11000,1167077
83111,05/13/2016,ALXN,ALEXION PHARMACEUTICALS INC,139.74001,1138936
83111,05/16/2016,ALXN,ALEXION PHARMACEUTICALS INC,144.57001,1305450
83111,05/17/2016,ALXN,ALEXION PHARMACEUTICALS INC,139.96001,1549710
83111,05/18/2016,ALXN,ALEXION PHARMACEUTICALS INC,142.33000,1249899
83111,05/19/2016,ALXN,ALEXION PHARMACEUTICALS INC,139.03000,1304226
83111,05/20/2016,ALXN,ALEXION PHARMACEUTICALS INC,142.52000,975544
83111,05/23/2016,ALXN,ALEXION PHARMACEUTICALS INC,142.50999,981838
83111,05/24/2016,ALXN,ALEXION PHARMACEUTICALS INC,146.67000,1169477
83111,05/25/2016,ALXN,ALEXION PHARMACEUTICALS INC,149.61000,1395921
83111,05/26/2016,ALXN,ALEXION PHARMACEUTICALS INC,148.17000,920322
83111,05/27/2016,ALXN,ALEXION PHARMACEUTICALS INC,150.42000,1094251
83111,05/31/2016,ALXN,ALEXION PHARMACEUTICALS INC,150.89999,1121791
83111,06/01/2016,ALXN,ALEXION PHARMACEUTICALS INC,152.70000,978231
83111,06/02/2016,ALXN,ALEXION PHARMACEUTICALS INC,156.77000,1570450
83111,06/03/2016,ALXN,ALEXION PHARMACEUTICALS INC,153.89000,1480549
83111,06/06/2016,ALXN,ALEXION PHARMACEUTICALS INC,154.99001,1407774
83111,06/07/2016,ALXN,ALEXION PHARMACEUTICALS INC,138.13000,5632792
83111,06/08/2016,ALXN,ALEXION PHARMACEUTICALS INC,138.88000,2953708
83111,06/09/2016,ALXN,ALEXION PHARMACEUTICALS INC,138.24001,2376206
83111,06/10/2016,ALXN,ALEXION PHARMACEUTICALS INC,135.61000,1983755
83111,06/13/2016,ALXN,ALEXION PHARMACEUTICALS INC,133.32001,1653974
83111,06/14/2016,ALXN,ALEXION PHARMACEUTICALS INC,131.22000,1909282
83111,06/15/2016,ALXN,ALEXION PHARMACEUTICALS INC,129.55000,1678130
83111,06/16/2016,ALXN,ALEXION PHARMACEUTICALS INC,127.49000,2189871
83111,06/17/2016,ALXN,ALEXION PHARMACEUTICALS INC,125.20000,3526557
83111,06/20/2016,ALXN,ALEXION PHARMACEUTICALS INC,123.96000,3473046
83111,06/21/2016,ALXN,ALEXION PHARMACEUTICALS INC,124.14000,2691077
83111,06/22/2016,ALXN,ALEXION PHARMACEUTICALS INC,121.41000,3697806
83111,06/23/2016,ALXN,ALEXION PHARMACEUTICALS INC,123.57000,1922846
83111,06/24/2016,ALXN,ALEXION PHARMACEUTICALS INC,112.99000,7514338
83111,06/27/2016,ALXN,ALEXION PHARMACEUTICALS INC,111.89000,3284492
83111,06/28/2016,ALXN,ALEXION PHARMACEUTICALS INC,114.94000,2358599
83111,06/29/2016,ALXN,ALEXION PHARMACEUTICALS INC,114.17000,2718666
83111,06/30/2016,ALXN,ALEXION PHARMACEUTICALS INC,116.76000,2561967
84788,03/01/2016,AMZN,AMAZON COM INC,579.03998,5038688
84788,03/02/2016,AMZN,AMAZON COM INC,580.21002,4582170
84788,03/03/2016,AMZN,AMAZON COM INC,577.48999,2741292
84788,03/04/2016,AMZN,AMAZON COM INC,575.14001,3416545
84788,03/07/2016,AMZN,AMAZON COM INC,562.79999,4932527
84788,03/08/2016,AMZN,AMAZON COM INC,560.26001,4729952
84788,03/09/2016,AMZN,AMAZON COM INC,559.46997,4377283
84788,03/10/2016,AMZN,AMAZON COM INC,558.92999,3920242
84788,03/11/2016,AMZN,AMAZON COM INC,569.60999,3776185
84788,03/14/2016,AMZN,AMAZON COM INC,573.37000,3454152
84788,03/15/2016,AMZN,AMAZON COM INC,577.02002,3876836
84788,03/16/2016,AMZN,AMAZON COM INC,574.27002,3537679
84788,03/17/2016,AMZN,AMAZON COM INC,559.44000,5928105
84788,03/18/2016,AMZN,AMAZON COM INC,552.08002,7296885
84788,03/21/2016,AMZN,AMAZON COM INC,553.97998,5158548
84788,03/22/2016,AMZN,AMAZON COM INC,560.47998,4003458
84788,03/23/2016,AMZN,AMAZON COM INC,569.63000,3983720
84788,03/24/2016,AMZN,AMAZON COM INC,582.95001,5185539
84788,03/28/2016,AMZN,AMAZON COM INC,579.87000,3121522
84788,03/29/2016,AMZN,AMAZON COM INC,593.85999,4392567
84788,03/30/2016,AMZN,AMAZON COM INC,598.69000,3890461
84788,03/31/2016,AMZN,AMAZON COM INC,593.64001,2681811
84788,04/01/2016,AMZN,AMAZON COM INC,598.50000,2917386
84788,04/04/2016,AMZN,AMAZON COM INC,593.19000,2475825
84788,04/05/2016,AMZN,AMAZON COM INC,586.14001,2308884
84788,04/06/2016,AMZN,AMAZON COM INC,602.08002,2849909
84788,04/07/2016,AMZN,AMAZON COM INC,591.42999,3189037
84788,04/08/2016,AMZN,AMAZON COM INC,594.59998,2591936
84788,04/11/2016,AMZN,AMAZON COM INC,595.92999,2704267
84788,04/12/2016,AMZN,AMAZON COM INC,603.16998,2641062
84788,04/13/2016,AMZN,AMAZON COM INC,614.82001,4228349
84788,04/14/2016,AMZN,AMAZON COM INC,620.75000,3512136
84788,04/15/2016,AMZN,AMAZON COM INC,625.89001,2887681
84788,04/18/2016,AMZN,AMAZON COM INC,635.34998,4360883
84788,04/19/2016,AMZN,AMAZON COM INC,627.90002,4055870
84788,04/20/2016,AMZN,AMAZON COM INC,632.98999,2609428
84788,04/21/2016,AMZN,AMAZON COM INC,631.00000,2612740
84788,04/22/2016,AMZN,AMAZON COM INC,620.50000,5083954
84788,04/25/2016,AMZN,AMAZON COM INC,626.20001,2682924
84788,04/26/2016,AMZN,AMAZON COM INC,616.88000,2531433
84788,04/27/2016,AMZN,AMAZON COM INC,606.57001,4068767
84788,04/28/2016,AMZN,AMAZON COM INC,602.00000,7872603
84788,04/29/2016,AMZN,AMAZON COM INC,659.59003,10310739
84788,05/02/2016,AMZN,AMAZON COM INC,683.84998,6578517
84788,05/03/2016,AMZN,AMAZON COM INC,671.32001,4923349
84788,05/04/2016,AMZN,AMAZON COM INC,670.90002,4636575
84788,05/05/2016,AMZN,AMAZON COM INC,659.09003,4884250
84788,05/06/2016,AMZN,AMAZON COM INC,673.95001,4365345
84788,05/09/2016,AMZN,AMAZON COM INC,679.75000,3982161
84788,05/10/2016,AMZN,AMAZON COM INC,703.07001,6105645
84788,05/11/2016,AMZN,AMAZON COM INC,713.22998,7338196
84788,05/12/2016,AMZN,AMAZON COM INC,717.92999,5048195
84788,05/13/2016,AMZN,AMAZON COM INC,709.91998,4763419
84788,05/16/2016,AMZN,AMAZON COM INC,710.65997,5432920
84788,05/17/2016,AMZN,AMAZON COM INC,695.27002,5121357
84788,05/18/2016,AMZN,AMAZON COM INC,697.45001,4283189
84788,05/19/2016,AMZN,AMAZON COM INC,698.52002,3025566
84788,05/20/2016,AMZN,AMAZON COM INC,702.79999,2918665
84788,05/23/2016,AMZN,AMAZON COM INC,696.75000,2595083
84788,05/24/2016,AMZN,AMAZON COM INC,704.20001,3033782
84788,05/25/2016,AMZN,AMAZON COM INC,708.34998,3276631
84788,05/26/2016,AMZN,AMAZON COM INC,714.90997,2446717
84788,05/27/2016,AMZN,AMAZON COM INC,712.23999,2249164
84788,05/31/2016,AMZN,AMAZON COM INC,722.78998,3618323
84788,06/01/2016,AMZN,AMAZON COM INC,719.44000,3263607
84788,06/02/2016,AMZN,AMAZON COM INC,728.23999,3026591
84788,06/03/2016,AMZN,AMAZON COM INC,725.53998,3367320
84788,06/06/2016,AMZN,AMAZON COM INC,726.72998,2704806
84788,06/07/2016,AMZN,AMAZON COM INC,723.73999,2732463
84788,06/08/2016,AMZN,AMAZON COM INC,726.64001,2223366
84788,06/09/2016,AMZN,AMAZON COM INC,727.65002,2170318
84788,06/10/2016,AMZN,AMAZON COM INC,717.90997,3425719
84788,06/13/2016,AMZN,AMAZON COM INC,715.23999,3352201
84788,06/14/2016,AMZN,AMAZON COM INC,719.29999,2506922
84788,06/15/2016,AMZN,AMAZON COM INC,714.26001,2725183
84788,06/16/2016,AMZN,AMAZON COM INC,717.51001,3097961
84788,06/17/2016,AMZN,AMAZON COM INC,706.39001,5897822
84788,06/20/2016,AMZN,AMAZON COM INC,714.01001,3677162
84788,06/21/2016,AMZN,AMAZON COM INC,715.82001,2137534
84788,06/22/2016,AMZN,AMAZON COM INC,710.59998,2295144
84788,06/23/2016,AMZN,AMAZON COM INC,722.08002,2824974
84788,06/24/2016,AMZN,AMAZON COM INC,698.96002,7632511
84788,06/27/2016,AMZN,AMAZON COM INC,691.35999,5584449
84788,06/28/2016,AMZN,AMAZON COM INC,707.95001,4036957
84788,06/29/2016,AMZN,AMAZON COM INC,715.59998,3070052
84788,06/30/2016,AMZN,AMAZON COM INC,715.62000,2855142
85631,03/01/2016,ADSK,AUTODESK INC,54.31000,2822908
85631,03/02/2016,ADSK,AUTODESK INC,54.41000,1446357
85631,03/03/2016,ADSK,AUTODESK INC,54.79000,1445688
85631,03/04/2016,ADSK,AUTODESK INC,56.25000,2792837
85631,03/07/2016,ADSK,AUTODESK INC,58.17000,2632186
85631,03/08/2016,ADSK,AUTODESK INC,56.86000,2416795
85631,03/09/2016,ADSK,AUTODESK INC,56.69000,2179751
85631,03/10/2016,ADSK,AUTODESK INC,55.95000,2404967
85631,03/11/2016,ADSK,AUTODESK INC,56.61000,3418419
85631,03/14/2016,ADSK,AUTODESK INC,56.70000,2004498
85631,03/15/2016,ADSK,AUTODESK INC,56.32000,1511331
85631,03/16/2016,ADSK,AUTODESK INC,56.97000,2281299
85631,03/17/2016,ADSK,AUTODESK INC,57.06000,1591422
85631,03/18/2016,ADSK,AUTODESK INC,57.81000,2486468
85631,03/21/2016,ADSK,AUTODESK INC,58.17000,1384741
85631,03/22/2016,ADSK,AUTODESK INC,57.98000,1299311
85631,03/23/2016,ADSK,AUTODESK INC,57.29000,1502504
85631,03/24/2016,ADSK,AUTODESK INC,57.37000,1152559
85631,03/28/2016,ADSK,AUTODESK INC,57.11000,1121790
85631,03/29/2016,ADSK,AUTODESK INC,58.23000,987332
85631,03/30/2016,ADSK,AUTODESK INC,57.90000,1350747
85631,03/31/2016,ADSK,AUTODESK INC,58.31000,1365069
85631,04/01/2016,ADSK,AUTODESK INC,57.77000,3741187
85631,04/04/2016,ADSK,AUTODESK INC,58.19000,1313980
85631,04/05/2016,ADSK,AUTODESK INC,57.11000,1138059
85631,04/06/2016,ADSK,AUTODESK INC,57.78000,1628168
85631,04/07/2016,ADSK,AUTODESK INC,56.39000,1451304
85631,04/08/2016,ADSK,AUTODESK INC,56.76000,1161381
85631,04/11/2016,ADSK,AUTODESK INC,56.87000,1300079
85631,04/12/2016,ADSK,AUTODESK INC,55.92000,2598543
85631,04/13/2016,ADSK,AUTODESK INC,57.71000,1562370
85631,04/14/2016,ADSK,AUTODESK INC,58.08000,990814
85631,04/15/2016,ADSK,AUTODESK INC,58.42000,1792943
85631,04/18/2016,ADSK,AUTODESK INC,59.14000,1599157
85631,04/19/2016,ADSK,AUTODESK INC,59.13000,1159865
85631,04/20/2016,ADSK,AUTODESK INC,59.39000,1270028
85631,04/21/2016,ADSK,AUTODESK INC,60.07000,1755273
85631,04/22/2016,ADSK,AUTODESK INC,59.54000,1012296
85631,04/25/2016,ADSK,AUTODESK INC,59.99000,1337668
85631,04/26/2016,ADSK,AUTODESK INC,61.01000,1645551
85631,04/27/2016,ADSK,AUTODESK INC,61.40000,2429931
85631,04/28/2016,ADSK,AUTODESK INC,61.39000,2500793
85631,04/29/2016,ADSK,AUTODESK INC,59.82000,1744317
85631,05/02/2016,ADSK,AUTODESK INC,61.37000,1318969
85631,05/03/2016,ADSK,AUTODESK INC,60.34000,1802443
85631,05/04/2016,ADSK,AUTODESK INC,58.73000,2281763
85631,05/05/2016,ADSK,AUTODESK INC,58.46000,1475960
85631,05/06/2016,ADSK,AUTODESK INC,58.66000,2085436
85631,05/09/2016,ADSK,AUTODESK INC,58.79000,1606702
85631,05/10/2016,ADSK,AUTODESK INC,59.57000,2507050
85631,05/11/2016,ADSK,AUTODESK INC,59.03000,1878741
85631,05/12/2016,ADSK,AUTODESK INC,58.06000,1960510
85631,05/13/2016,ADSK,AUTODESK INC,57.87000,1565356
85631,05/16/2016,ADSK,AUTODESK INC,59.08000,2768571
85631,05/17/2016,ADSK,AUTODESK INC,57.98000,1881451
85631,05/18/2016,ADSK,AUTODESK INC,57.76000,2455348
85631,05/19/2016,ADSK,AUTODESK INC,57.52000,2272064
85631,05/20/2016,ADSK,AUTODESK INC,56.19000,4816156
85631,05/23/2016,ADSK,AUTODESK INC,56.96000,3313956
85631,05/24/2016,ADSK,AUTODESK INC,58.46000,1980965
85631,05/25/2016,ADSK,AUTODESK INC,58.91000,2025619
85631,05/26/2016,ADSK,AUTODESK INC,58.11000,1461594
85631,05/27/2016,ADSK,AUTODESK INC,59.34000,1909769
85631,05/31/2016,ADSK,AUTODESK INC,58.27000,3001417
85631,06/01/2016,ADSK,AUTODESK INC,58.30000,1506323
85631,06/02/2016,ADSK,AUTODESK INC,58.76000,1032141
85631,06/03/2016,ADSK,AUTODESK INC,58.29000,1172759
85631,06/06/2016,ADSK,AUTODESK INC,58.67000,1606677
85631,06/07/2016,ADSK,AUTODESK INC,58.68000,1354395
85631,06/08/2016,ADSK,AUTODESK INC,58.53000,796424
85631,06/09/2016,ADSK,AUTODESK INC,57.79000,893517
85631,06/10/2016,ADSK,AUTODESK INC,56.18000,1470975
85631,06/13/2016,ADSK,AUTODESK INC,55.89000,1333688
85631,06/14/2016,ADSK,AUTODESK INC,55.71000,1447127
85631,06/15/2016,ADSK,AUTODESK INC,56.61000,1452147
85631,06/16/2016,ADSK,AUTODESK INC,56.77000,1437504
85631,06/17/2016,ADSK,AUTODESK INC,56.68000,2216994
85631,06/20/2016,ADSK,AUTODESK INC,57.56000,1080177
85631,06/21/2016,ADSK,AUTODESK INC,58.07000,1078406
85631,06/22/2016,ADSK,AUTODESK INC,57.38000,1087992
85631,06/23/2016,ADSK,AUTODESK INC,59.06000,1410187
85631,06/24/2016,ADSK,AUTODESK INC,54.04000,4567322
85631,06/27/2016,ADSK,AUTODESK INC,50.54000,4721108
85631,06/28/2016,ADSK,AUTODESK INC,51.48000,2461324
85631,06/29/2016,ADSK,AUTODESK INC,53.22000,2449719
85631,06/30/2016,ADSK,AUTODESK INC,54.14000,1877776
87299,03/01/2016,AKAM,AKAMAI TECHNOLOGIES INC,55.53000,3930710
87299,03/02/2016,AKAM,AKAMAI TECHNOLOGIES INC,56.21000,2425746
87299,03/03/2016,AKAM,AKAMAI TECHNOLOGIES INC,55.64000,2524406
87299,03/04/2016,AKAM,AKAMAI TECHNOLOGIES INC,55.57000,2835654
87299,03/07/2016,AKAM,AKAMAI TECHNOLOGIES INC,55.33000,2950542
87299,03/08/2016,AKAM,AKAMAI TECHNOLOGIES INC,54.58000,2916906
87299,03/09/2016,AKAM,AKAMAI TECHNOLOGIES INC,55.19000,1595568
87299,03/10/2016,AKAM,AKAMAI TECHNOLOGIES INC,54.64000,3072663
87299,03/11/2016,AKAM,AKAMAI TECHNOLOGIES INC,56.07000,1264383
87299,03/14/2016,AKAM,AKAMAI TECHNOLOGIES INC,55.28000,1896623
87299,03/15/2016,AKAM,AKAMAI TECHNOLOGIES INC,54.67000,1844906
87299,03/16/2016,AKAM,AKAMAI TECHNOLOGIES INC,55.81000,1610726
87299,03/17/2016,AKAM,AKAMAI TECHNOLOGIES INC,56.06000,1688384
87299,03/18/2016,AKAM,AKAMAI TECHNOLOGIES INC,55.95000,2417964
87299,03/21/2016,AKAM,AKAMAI TECHNOLOGIES INC,56.29000,1071877
87299,03/22/2016,AKAM,AKAMAI TECHNOLOGIES INC,56.74000,1194180
87299,03/23/2016,AKAM,AKAMAI TECHNOLOGIES INC,55.12000,1697920
87299,03/24/2016,AKAM,AKAMAI TECHNOLOGIES INC,54.84000,1940498
87299,03/28/2016,AKAM,AKAMAI TECHNOLOGIES INC,54.93000,1289600
87299,03/29/2016,AKAM,AKAMAI TECHNOLOGIES INC,55.26000,1159516
87299,03/30/2016,AKAM,AKAMAI TECHNOLOGIES INC,55.10000,1540116
87299,03/31/2016,AKAM,AKAMAI TECHNOLOGIES INC,55.57000,1641033
87299,04/01/2016,AKAM,AKAMAI TECHNOLOGIES INC,55.22000,1671775
87299,04/04/2016,AKAM,AKAMAI TECHNOLOGIES INC,55.33000,1034096
87299,04/05/2016,AKAM,AKAMAI TECHNOLOGIES INC,53.14000,2116879
87299,04/06/2016,AKAM,AKAMAI TECHNOLOGIES INC,54.78000,1672620
87299,04/07/2016,AKAM,AKAMAI TECHNOLOGIES INC,53.28000,1754484
87299,04/08/2016,AKAM,AKAMAI TECHNOLOGIES INC,52.38000,1863545
87299,04/11/2016,AKAM,AKAMAI TECHNOLOGIES INC,51.06000,2409524
87299,04/12/2016,AKAM,AKAMAI TECHNOLOGIES INC,50.54000,3063091
87299,04/13/2016,AKAM,AKAMAI TECHNOLOGIES INC,51.79000,1600034
87299,04/14/2016,AKAM,AKAMAI TECHNOLOGIES INC,51.67000,1273999
87299,04/15/2016,AKAM,AKAMAI TECHNOLOGIES INC,50.93000,1985923
87299,04/18/2016,AKAM,AKAMAI TECHNOLOGIES INC,51.75000,2296226
87299,04/19/2016,AKAM,AKAMAI TECHNOLOGIES INC,51.35000,1845430
87299,04/20/2016,AKAM,AKAMAI TECHNOLOGIES INC,51.27000,2125182
87299,04/21/2016,AKAM,AKAMAI TECHNOLOGIES INC,51.36000,1319306
87299,04/22/2016,AKAM,AKAMAI TECHNOLOGIES INC,51.13000,2987771
87299,04/25/2016,AKAM,AKAMAI TECHNOLOGIES INC,51.09000,1617719
87299,04/26/2016,AKAM,AKAMAI TECHNOLOGIES INC,52.66000,3781214
87299,04/27/2016,AKAM,AKAMAI TECHNOLOGIES INC,54.85000,6939678
87299,04/28/2016,AKAM,AKAMAI TECHNOLOGIES INC,52.41000,2529064
87299,04/29/2016,AKAM,AKAMAI TECHNOLOGIES INC,50.99000,2741351
87299,05/02/2016,AKAM,AKAMAI TECHNOLOGIES INC,50.94000,1982908
87299,05/03/2016,AKAM,AKAMAI TECHNOLOGIES INC,49.91000,1979053
87299,05/04/2016,AKAM,AKAMAI TECHNOLOGIES INC,49.54000,2677367
87299,05/05/2016,AKAM,AKAMAI TECHNOLOGIES INC,49.51000,2055215
87299,05/06/2016,AKAM,AKAMAI TECHNOLOGIES INC,49.94000,1444676
87299,05/09/2016,AKAM,AKAMAI TECHNOLOGIES INC,50.15000,1243439
87299,05/10/2016,AKAM,AKAMAI TECHNOLOGIES INC,51.97000,1904264
87299,05/11/2016,AKAM,AKAMAI TECHNOLOGIES INC,50.72000,1326931
87299,05/12/2016,AKAM,AKAMAI TECHNOLOGIES INC,51.12000,1652649
87299,05/13/2016,AKAM,AKAMAI TECHNOLOGIES INC,50.49000,1505200
87299,05/16/2016,AKAM,AKAMAI TECHNOLOGIES INC,51.36000,1281039
87299,05/17/2016,AKAM,AKAMAI TECHNOLOGIES INC,50.96500,1221495
87299,05/18/2016,AKAM,AKAMAI TECHNOLOGIES INC,50.97000,862973
87299,05/19/2016,AKAM,AKAMAI TECHNOLOGIES INC,50.68000,838377
87299,05/20/2016,AKAM,AKAMAI TECHNOLOGIES INC,51.73000,1584861
87299,05/23/2016,AKAM,AKAMAI TECHNOLOGIES INC,51.29000,1586848
87299,05/24/2016,AKAM,AKAMAI TECHNOLOGIES INC,52.70000,1182487
87299,05/25/2016,AKAM,AKAMAI TECHNOLOGIES INC,52.86000,1142028
87299,05/26/2016,AKAM,AKAMAI TECHNOLOGIES INC,53.98000,2335184
87299,05/27/2016,AKAM,AKAMAI TECHNOLOGIES INC,54.20000,1166801
87299,05/31/2016,AKAM,AKAMAI TECHNOLOGIES INC,54.58000,1261013
87299,06/01/2016,AKAM,AKAMAI TECHNOLOGIES INC,54.42000,1240840
87299,06/02/2016,AKAM,AKAMAI TECHNOLOGIES INC,54.90000,707489
87299,06/03/2016,AKAM,AKAMAI TECHNOLOGIES INC,53.55000,1280602
87299,06/06/2016,AKAM,AKAMAI TECHNOLOGIES INC,54.53000,909543
87299,06/07/2016,AKAM,AKAMAI TECHNOLOGIES INC,54.85000,1238209
87299,06/08/2016,AKAM,AKAMAI TECHNOLOGIES INC,54.92000,1237399
87299,06/09/2016,AKAM,AKAMAI TECHNOLOGIES INC,55.44000,1424082
87299,06/10/2016,AKAM,AKAMAI TECHNOLOGIES INC,52.73000,1434128
87299,06/13/2016,AKAM,AKAMAI TECHNOLOGIES INC,52.21000,1245469
87299,06/14/2016,AKAM,AKAMAI TECHNOLOGIES INC,52.66000,1188410
87299,06/15/2016,AKAM,AKAMAI TECHNOLOGIES INC,53.27000,1471576
87299,06/16/2016,AKAM,AKAMAI TECHNOLOGIES INC,53.71000,1281228
87299,06/17/2016,AKAM,AKAMAI TECHNOLOGIES INC,53.19000,2330298
87299,06/20/2016,AKAM,AKAMAI TECHNOLOGIES INC,54.14000,1806855
87299,06/21/2016,AKAM,AKAMAI TECHNOLOGIES INC,54.70000,1132152
87299,06/22/2016,AKAM,AKAMAI TECHNOLOGIES INC,54.70000,1508818
87299,06/23/2016,AKAM,AKAMAI TECHNOLOGIES INC,57.17000,2517337
87299,06/24/2016,AKAM,AKAMAI TECHNOLOGIES INC,53.35000,3494509
87299,06/27/2016,AKAM,AKAMAI TECHNOLOGIES INC,51.16000,2460302
87299,06/28/2016,AKAM,AKAMAI TECHNOLOGIES INC,53.05000,1965723
87299,06/29/2016,AKAM,AKAMAI TECHNOLOGIES INC,54.56000,1780193
87299,06/30/2016,AKAM,AKAMAI TECHNOLOGIES INC,55.93000,1957599
93002,03/01/2016,AVGO,BROADCOM LTD,138.42999,4490578
93002,03/02/2016,AVGO,BROADCOM LTD,136.97000,4383586
93002,03/03/2016,AVGO,BROADCOM LTD,137.33000,5943719
93002,03/04/2016,AVGO,BROADCOM LTD,146.06000,7239892
93002,03/07/2016,AVGO,BROADCOM LTD,143.50999,4139574
93002,03/08/2016,AVGO,BROADCOM LTD,139.63000,3321660
93002,03/09/2016,AVGO,BROADCOM LTD,141.96001,3115229
93002,03/10/2016,AVGO,BROADCOM LTD,144.42000,5503629
93002,03/11/2016,AVGO,BROADCOM LTD,148.82001,5582161
93002,03/14/2016,AVGO,BROADCOM LTD,148.14000,2844425
93002,03/15/2016,AVGO,BROADCOM LTD,148.47000,3089141
93002,03/16/2016,AVGO,BROADCOM LTD,148.63000,3490583
93002,03/17/2016,AVGO,BROADCOM LTD,151.55000,4470822
93002,03/18/2016,AVGO,BROADCOM LTD,152.49001,7056844
93002,03/21/2016,AVGO,BROADCOM LTD,152.89000,2820679
93002,03/22/2016,AVGO,BROADCOM LTD,154.75999,3397315
93002,03/23/2016,AVGO,BROADCOM LTD,152.99001,2757731
93002,03/24/2016,AVGO,BROADCOM LTD,153.00000,2565064
93002,03/28/2016,AVGO,BROADCOM LTD,153.10001,1722440
93002,03/29/2016,AVGO,BROADCOM LTD,154.13000,2677251
93002,03/30/2016,AVGO,BROADCOM LTD,156.92999,2679419
93002,03/31/2016,AVGO,BROADCOM LTD,154.50000,2496805
93002,04/01/2016,AVGO,BROADCOM LTD,157.80000,2567128
93002,04/04/2016,AVGO,BROADCOM LTD,156.00999,1776139
93002,04/05/2016,AVGO,BROADCOM LTD,155.03000,5691998
93002,04/06/2016,AVGO,BROADCOM LTD,157.53999,2814894
93002,04/07/2016,AVGO,BROADCOM LTD,154.97000,2297509
93002,04/08/2016,AVGO,BROADCOM LTD,156.14999,1852553
93002,04/11/2016,AVGO,BROADCOM LTD,155.61000,1856812
93002,04/12/2016,AVGO,BROADCOM LTD,155.42999,1653719
93002,04/13/2016,AVGO,BROADCOM LTD,159.48000,2173044
93002,04/14/2016,AVGO,BROADCOM LTD,158.82001,2755135
93002,04/15/2016,AVGO,BROADCOM LTD,155.49001,2768497
93002,04/18/2016,AVGO,BROADCOM LTD,155.89999,1529690
93002,04/19/2016,AVGO,BROADCOM LTD,151.07001,2456039
93002,04/20/2016,AVGO,BROADCOM LTD,153.23000,1943543
93002,04/21/2016,AVGO,BROADCOM LTD,151.35001,1611670
93002,04/22/2016,AVGO,BROADCOM LTD,150.33000,2569914
93002,04/25/2016,AVGO,BROADCOM LTD,149.10001,1087065
93002,04/26/2016,AVGO,BROADCOM LTD,150.75999,2630941
93002,04/27/2016,AVGO,BROADCOM LTD,151.53000,3893442
93002,04/28/2016,AVGO,BROADCOM LTD,147.99001,2552027
93002,04/29/2016,AVGO,BROADCOM LTD,145.75000,3506716
93002,05/02/2016,AVGO,BROADCOM LTD,146.08000,1952538
93002,05/03/2016,AVGO,BROADCOM LTD,143.20000,2398598
93002,05/04/2016,AVGO,BROADCOM LTD,142.07001,2088866
93002,05/05/2016,AVGO,BROADCOM LTD,142.58000,1684068
93002,05/06/2016,AVGO,BROADCOM LTD,141.89000,3002669
93002,05/09/2016,AVGO,BROADCOM LTD,142.39999,1730027
93002,05/10/2016,AVGO,BROADCOM LTD,144.61000,1846077
93002,05/11/2016,AVGO,BROADCOM LTD,143.85001,1671570
93002,05/12/2016,AVGO,BROADCOM LTD,141.03999,2645211
93002,05/13/2016,AVGO,BROADCOM LTD,140.05000,2171649
93002,05/16/2016,AVGO,BROADCOM LTD,142.64999,2037262
93002,05/17/2016,AVGO,BROADCOM LTD,141.17000,2124848
93002,05/18/2016,AVGO,BROADCOM LTD,143.88000,2262007
93002,05/19/2016,AVGO,BROADCOM LTD,142.74001,1747768
93002,05/20/2016,AVGO,BROADCOM LTD,146.73000,2588947
93002,05/23/2016,AVGO,BROADCOM LTD,148.10001,1760859
93002,05/24/2016,AVGO,BROADCOM LTD,151.42000,1990685
93002,05/25/2016,AVGO,BROADCOM LTD,153.57001,2176249
93002,05/26/2016,AVGO,BROADCOM LTD,153.02000,1843135
93002,05/27/2016,AVGO,BROADCOM LTD,153.30000,1869337
93002,05/31/2016,AVGO,BROADCOM LTD,154.36000,3205806
93002,06/01/2016,AVGO,BROADCOM LTD,154.77000,3077737
93002,06/02/2016,AVGO,BROADCOM LTD,154.91000,4688708
93002,06/03/2016,AVGO,BROADCOM LTD,162.56000,8298517
93002,06/06/2016,AVGO,BROADCOM LTD,162.84000,3400956
93002,06/07/2016,AVGO,BROADCOM LTD,164.84000,3233976
93002,06/08/2016,AVGO,BROADCOM LTD,163.70000,2562015
93002,06/09/2016,AVGO,BROADCOM LTD,164.14000,2914348
93002,06/10/2016,AVGO,BROADCOM LTD,160.82001,2665686
93002,06/13/2016,AVGO,BROADCOM LTD,160.00999,2156768
93002,06/14/2016,AVGO,BROADCOM LTD,158.99001,2566852
93002,06/15/2016,AVGO,BROADCOM LTD,158.39999,3088403
93002,06/16/2016,AVGO,BROADCOM LTD,158.63000,2280814
93002,06/17/2016,AVGO,BROADCOM LTD,156.00000,4333260
93002,06/20/2016,AVGO,BROADCOM LTD,156.92999,2026468
93002,06/21/2016,AVGO,BROADCOM LTD,155.81000,1612638
93002,06/22/2016,AVGO,BROADCOM LTD,155.14000,1632644
93002,06/23/2016,AVGO,BROADCOM LTD,158.62000,2443624
93002,06/24/2016,AVGO,BROADCOM LTD,148.72000,6417723
93002,06/27/2016,AVGO,BROADCOM LTD,143.63000,3798294
93002,06/28/2016,AVGO,BROADCOM LTD,149.77000,3723288
93002,06/29/2016,AVGO,BROADCOM LTD,155.00000,4786602
93002,06/30/2016,AVGO,BROADCOM LTD,155.39999,4262645
